Điều 1	Scope of regulation	1(2) is a rule (four kinds of insurance outside the Law); 1(1) a labelled statement.
Điều 2	Persons the Law applies to	Inert: a list of addressees (six groups). The Law attaches no consequence to being on the list, so there is no rule to evaluate; the foreign-branch shorthand of 2(2) is used by the rule `k is a foreign branch (Dieu 2(2))`.
Điều 3	Applying this Law, other laws and international custom	3(1) proviso rule; 3(2) custom rule; 3(3) exists from V2 (Law 139 Điều 1(1)) and declines in V1.
Điều 4	Definitions (29 terms)	One predicate per definition, over witness facts (records `An activity`, `An enterprise`, `A cover`, `A role in a contract`, `An occurrence`, `A payment`, `A contract arrangement`).
Điều 5	State policy to develop insurance business	Inert: four statements of what the State encourages; no addressee owes anything.
Điều 6	Principles of supplying and using insurance services	6(1) conformity rule; 6(2) list of cross-border matters with a V3 arm (Law 139 Điều 2(6)); Government's detail refused.
Điều 7	Types of insurance	7(1) is the enumeration `A type of insurance`; 7(2) the Government's lines refused.
Điều 8	Compulsory insurance	8(2) list with the V2 phrase swap (Law 139 Điều 2(1)); 8(3), 8(4) rules; 8(5) three refusals.
Điều 9	Prohibited acts	One disjunction over the limbs; 9(3) has a V3 arm (Law 139 Điều 2(6)).
Điều 10	Social-professional organisations	Inert: duties of an association (set up under the law on associations, supervised by the Ministry, issue codes of ethics); no testable fact.
Điều 11	Database on insurance business	11(2), 11(3) (V2 arm: "an toàn thông tin" becomes "an ninh mạng", Law 139 Điều 2(2)); 11(1), 11(4) statements; 11(5) refused.
Điều 12	Applying information technology	12(3) refused; 12(1)-(2) statements (purposes; compliance with other laws).
Điều 13	Requirements on the IT system	Five requirements with a V2 arm (the words ", an toàn thông tin mạng" struck, Law 139 Điều 2(5)).
Điều 14	Supplying insurance online	14(1), 14(2)(b)-(d) rules; 14(2)(a) free choice of form (no rule); 14(3) refused.
Điều 15	The contract of insurance	15(1) class to type; 15(2) with Điều 63(3); 15(3)-(4) which instrument governs.
Điều 16	Principles of making and performing the contract	16(3) indemnity and 16(4) subrogation as rules; 16(1), (2), (5) as a statement (applied by Điều 34, 44).
Điều 17	Contents of the contract	17(1) nine essential contents; 17(2) refused.
Điều 18	Form and evidence	Writing required; four kinds of evidence.
Điều 19	Exclusion clauses	19(2) what the insurer must do; 19(3) late-notice bar.
Điều 20	Rights and duties of the insurer	Lists as data; five conditional rules (20(1)(d), 20(2)(đ), (e), (g), (i)).
Điều 21	Rights and duties of the policyholder	Lists as data; three conditional rules (21(2)(c), (d), (đ)).
Điều 22	Breach of the duty to give information	Rescission rights of each side and the premium refund.
Điều 23	Change in the insured risk	Requests and measures as lists; both sides' termination rights.
Điều 24	Interpreting the contract	In the policyholder's favour; declines where the term is not unclear.
Điều 25	Void contracts	Twelve grounds with the two exceptions; effect date.
Điều 26	Unilateral termination	Four grounds; allocation of the right to a side is a fork (F8).
Điều 27	Consequences of unilateral termination	Class-dependent consequences; the shortfall ratio of 27(4).
Điều 28	Transfer of the contract	Conditions of effect.
Điều 29	Reinsurance does not change the insurer's duty	Three breach predicates.
Điều 30	Time to submit the claim dossier	One year with start-day rules; force majeure days added.
Điều 31	Time to pay	15 days default; interest as an input rate.
Điều 32	Resolving disputes	Negotiation then the agreed forum.
Điều 33	Object of life and health insurance	Object by class.
Điều 34	Insurable interest in life and health insurance	Five qualifying relations.
Điều 35	Period to think it over	21 days for a contract of more than a year; fork F16 on scope.
Điều 36	Interim cover in life insurance	Start and end dates of the cover.
Điều 37	Paying life insurance premium	60-day grace; 2-year restoration; bar on deduction and suit.
Điều 38	No recourse against a third person	The insurer has no recourse.
Điều 39	Contract on another's death	Written consent and excluded persons.
Điều 40	When the insurer need not pay	Five cases and the several-beneficiaries exception; amount returned.
Điều 41	Designating and changing a beneficiary	Validity, equal shares, change.
Điều 42	Group contracts	Group qualification, amendment grounds, extra contents.
Điều 43	Object of property and damage insurance	Object by class.
Điều 44	Insurable interest in property and damage insurance	Three rules.
Điều 45	Sum insured	Inert: a definition of a figure the contract fixes; the sum is an input field.
Điều 46	Notice of the insured event	Insurer's reduction right and its limits.
Điều 47	Insurance above value	Definition, the bar, the refund and the capped compensation.
Điều 48	Insurance below value	Proportionate compensation.
Điều 49	Double insurance	Definition and pro rata compensation.
Điều 50	Wear and tear and inherent nature	Exclusion unless agreed.
Điều 51	Basis of compensation	Compensation capped at the sum insured, with costs.
Điều 52	Form of compensation	Default in money; recovery of the damaged property.
Điều 53	Loss adjustment	Independent adjuster routes.
Điều 54	Transferring the right of recourse	Transfer duty, deduction right, bar against relatives.
Điều 55	Safety rules	55(3) power to raise premium or terminate; 55(1)-(2) in a statement.
Điều 56	No abandonment of the insured property	Abandonment only where law or agreement allows.
Điều 57	Object of liability insurance	Object by class.
Điều 58	Insurer's liability under a liability contract	Occurrence reading and claims-made reading (fork F27).
Điều 59	Limit of liability	Total payable and the bond.
Điều 60	Representing the insured person	Default power to negotiate.
Điều 61	How compensation is paid	Direct or to the injured third person at the insured person's request.
Điều 62	Forms of organisation	Joint stock company or limited liability company.
Điều 63	Content of the insurer's activity	63(1)-(2) lines; 63(3) one type of insurance with three exceptions, dated arms for (b) and (c) (Law 139 Điều 1(2)).
Điều 64	General conditions for a licence	64(1)(a) and 64(4) repealed from V2 (Law 139 Điều 2(7)).
Điều 65	Members of a limited liability insurer	Total assets thresholds; Government's minimum (fork F26).
Điều 66	Shareholders of a joint stock insurer	Two organisations at 10% and individuals at most 10%.
Điều 67	A foreign branch	Conditions of 67(1)-(2).
Điều 68	Foreign ownership	Up to 100%.
Điều 69	Licence dossier	Six documents in V1; repealed from V2 (Law 139 Điều 2(7)).
Điều 70	Time to grant the licence	60 days from a complete and valid dossier.
Điều 71	Authority over the licence	71(3) repealed from V2; 71(1)-(2) statements; 71(4) refused.
Điều 72	Publishing the licence	30 days for the Ministry; 30 days before opening for the insurer.
Điều 73	Before official operation	Replaced from V2 (Law 139 Điều 1(3)): conditions and the lost 73(4) bar.
Điều 74	Changes needing approval or notice	Classification of changes; V2 adds the name of a branch (Law 139 Điều 1(4)).
Điều 75	Revoking the licence	Which grounds oblige the insurer to stop new business.
Điều 76	Representative offices of foreign bodies	Permitted activity and 5-year term.
Điều 77	Licensing a representative office	Five years of operation and home-regulator permission.
Điều 78	Organisation of activity	Inert: lists of units (head office, branches, offices, business locations); no condition attached.
Điều 79	Governance structure	Two models for a joint stock insurer, one for a limited liability insurer.
Điều 80	Officers and controllers	Lists of titles inert; 80(4) is a rule (75 days).
Điều 81	Conditions for officers	Replaced from V2 (Law 139 Điều 1(5)): four rules with dated arms.
Điều 82	Holding more than one post	82(4) and 82(6) with V2 exceptions (Law 139 Điều 1(6)); 82(1)-(3), (5) in a statement.
Điều 83	Suspending officers	75 days to file a replacement.
Điều 84	Internal control	Inert: duties of internal organisation judged by adequacy; no testable fact.
Điều 85	Internal audit	Inert: the same reason; yearly audit and reporting lines.
Điều 86	Risk management	Inert: the same reason; 86(3)'s start date (1 January 2028) is in law08-ch7-commencement.l4.
Điều 87	Products and premium methods	Dated arms for 87(3) and 87(3a) (Law 139 Điều 1(7)).
Điều 88	State-supported products	List of State measures inert; 88(2) refused.
Điều 89	Reinsurance, co-insurance, funds	89(2) rule; 89(1) and 89(5) refused; 89(3)-(4) described.
Điều 90	Outsourcing	Four activities excluded; 75% self-performance; contract contents.
Điều 91	Cases of portfolio transfer	Four cases (91(1) cites Điều 113(8), in force 2028 or 2031).
Điều 92	Conditions for a portfolio transfer	Receiving insurer, assets, shortfall, termination.
Điều 93	Procedure for a portfolio transfer	Approval and 30 days.
Điều 94	Capital	Equity, available capital (from 2028), risk-based capital; Government's minimum refused.
Điều 95	Capital adequacy ratio	From 1 January 2028; minimum ratio an input.
Điều 96	Deposit	2% of the minimum capital; 90 days to replenish.
Điều 97	Technical reserves	Seven requirements.
Điều 98	Reserve fund	5% of after-tax profit up to a maximum the Government fixes.
Điều 99	General rules on investment	99(2) principles; 99(3) prohibited investments from 2028.
Điều 100	Investing abroad	Forms, sources, conditions, prior approval.
Điều 101	Separating equity from premium sources	Dated arms (Law 139 Điều 1(8)).
Điều 102	Financial regime	Inert: a cross-reference and a delegation to the Government.
Điều 103	Financial year	Calendar year; first year from the licence date.
Điều 104	Accounting regime	Inert: a cross-reference to the law on accounting.
Điều 105	Independent audit	Audits, confirmations, the auditor's duty to notify.
Điều 106	Reports	Periodic and special reports.
Điều 107	Transferring profit abroad	Conditions.
Điều 108	Financial governance	Inert: a statement of financial autonomy and duties to build systems.
Điều 109	Financial safety	From 2028 (V1) or 2031 (V2).
Điều 110	Solvency	The same.
Điều 111	Improvement measures	The same; prohibited activities.
Điều 112	Early intervention	The same; deadlines of 60 days and 12 months.
Điều 113	Control measures	The same; deadlines of 30, 120 days and 18 months.
Điều 114	Extra duties under supervision	Inert: four duties of conduct (manage, answer for accuracy, report monthly, other); in force with Điều 111-113.
Điều 115	Dissolution	Grounds and approval.
Điều 116	Bankruptcy	Five ranks of claim, pro rata within a rank.
Điều 117	Duty to disclose	117(2) deadlines in working days; 117(3) repealed from V2 (Law 139 Điều 2(7)).
Điều 118	Periodic information	Inert: a list of three items; the deadline is in Điều 117(2).
Điều 119	Regular information	Inert: a list of items; the deadline is in Điều 117(2).
Điều 120	Unusual information	The two numeric items encoded; the rest of the list is a stub.
Điều 121	Responsibility for loss prevention and anti-fraud	Inert: statement of shared responsibility.
Điều 122	Loss prevention and limitation	Inert: duties and measures without testable parameters (the notice duty is tested by Điều 21(2)(đ) and 46).
Điều 123	Anti-fraud	Inert: measures; the prohibited fraud is Điều 9(4).
Điều 124	Insurance agent	Inert: a definition.
Điều 125	Conditions to act as an agent	Individuals, organisations, disqualifications.
Điều 126	Agency contract	Seven contents.
Điều 127	Principles for agents	127(1) with dated arms (Law 139 Điều 1(9)); 127(2)-(5).
Điều 128	Insurer's rights and duties with agents	Lists inert; commission cap refused.
Điều 129	Agent's rights and duties	Lists inert; 129(2)(d) and 129(3) encoded.
Điều 130	Agent certificates	Kinds; Minister's detail refused.
Điều 131	Content of a broker's activity	Inert: a list of three kinds of activity.
Điều 132	Principles of brokerage	Written agreement.
Điều 133	Conditions for a broker's licence	133(1)(a) and 133(4) repealed from V2 (Law 139 Điều 2(7)).
Điều 134	Broker licence dossier	Replaced from V2 by a delegation (Law 139 Điều 1(10)).
Điều 135	Organisation and activity	Inert: a cross-reference to Điều 62, 68, 70, 71, 72, 75.
Điều 136	Changes needing approval or notice	Classification of changes.
Điều 137	Broker's rights and duties	Lists inert; the prohibited conduct encoded.
Điều 138	Broker personnel, capital, finance	Capital and brokers; 138(3a) from V2 (Law 139 Điều 1(11)).
Điều 139	Broker certificates	Minister's detail refused.
Điều 140	Who supplies ancillary services to whom	A matrix.
Điều 141	Principles of ancillary services	Inert: four principles.
Điều 142	Ancillary providers' restrictions	Three predicates.
Điều 143	Conditions for ancillary services	Repealed from V3 (Law 139 Điều 2(8)).
Điều 144	Characteristics of microinsurance	Six characteristics with Government caps as inputs.
Điều 145	Developing microinsurance products	Premium method registered and approved; delegations refused.
Điều 146	Suppliers of microinsurance	Two kinds.
Điều 147	Insurers supplying microinsurance	Separate accounts rule; channels in a statement.
Điều 148	Mutual organisations	Members only; contracts governed by Chương II (silent on damage and liability).
Điều 149	Licence conditions for a mutual organisation	Seven conditions.
Điều 150	Principles for mutual organisations	150(4) profit rule; others in a statement.
Điều 151	State management	Statement; 151(2)(đ) dated (Law 139 Điều 1(12)).
Điều 152	Coordination	Name approval rules; the rest in a statement.
Điều 153	Ministry's power to demand information	Dated oversight function (Law 139 Điều 2(3)-(4)); the cited provisions' commencement.
Điều 154	Inspection and specialised examination	Replaced from V2 (Law 139 Điều 1(13)).
Điều 155	Amending the Investment Law's Appendix IV	Repealed from V3 (Law 139 Điều 2(8)).
Điều 156	Commencement	156(1); 156(2) dated groups; 156(3) old provisions; 156(4) from V2.
Điều 157	Transition	157(1)-(5) with a dated 157(2).
Điều 1(1)	Adds Điều 3(3): right to contribute capital	V2 arm of Điều 3.
Điều 1(2)	Amends Điều 63(3)(b) and (c)	"rủi ro tử vong" becomes "tử kỳ".
Điều 1(3)	Replaces Điều 73	Official operation: 12 months, lighter list, no bar.
Điều 1(4)	Amends Điều 74(3)(b)	Adds the name of a branch.
Điều 1(5)	Replaces Điều 81	Officer qualifications.
Điều 1(6)	Amends Điều 82(4) and (6)	Two exceptions.
Điều 1(7)	Amends Điều 87(3), adds 87(3a), amends 87(5)-(6)	Premium methods.
Điều 1(8)	Replaces Điều 101	Separation of sources.
Điều 1(9)	Amends Điều 127(1)	One agent, one kind of principal.
Điều 1(10)	Replaces Điều 134	Broker licence dossier delegated.
Điều 1(11)	Adds Điều 138(3a)	Broker investment principles.
Điều 1(12)	Amends Điều 151(2)(đ)	Specialised examination.
Điều 1(13)	Replaces Điều 154	Specialised examination.
Điều 1(14)	Amends Điều 156(2), (3), adds 156(4)	Commencement dates.
Điều 1(15)	Amends Điều 157(2)	Agent certificates to 30 June 2026.
Điều 2(1)	Điều 8: "hoạt động đầu tư xây dựng" becomes "hoạt động xây dựng"	V2 arm of Điều 8(2)(c).
Điều 2(2)	Điều 11: "an toàn thông tin" becomes "an ninh mạng"	V2 arm of Điều 11(3).
Điều 2(3)	Điều 152 and 153: "thanh tra, kiểm tra" becomes "kiểm tra chuyên ngành"	V2 arm.
Điều 2(4)	Điều 153: "pháp luật về thanh tra" becomes "pháp luật về kiểm tra chuyên ngành"	V2 arm.
Điều 2(5)	Điều 13: strikes ", an toàn thông tin mạng"	V2 arm.
Điều 2(6)	Điều 6 and 9: strikes the ancillary-service words	V3 arms (1 July 2026).
Điều 2(7)	Repeals Điều 64(1)(a), 64(4), 69, 71(3), 117(3), 133(1)(a), 133(4)	V2 repeals.
Điều 2(8)	Repeals Điều 143 and 155	V3 repeals (1 July 2026).
Điều 3(1)	Commencement 1 January 2026	law08-vintage.l4.
Điều 3(2)	Điều 2(6) and 2(8) from 1 July 2026	law08-vintage.l4.
