glossary_he	citation	match	closest_A_prime_identifier
יום 31 בדצמבר של שנת הלימודים	§ 26(d) 'ביום 31 בדצמבר באותה שנת הלימודים'	NONE	השיבוץ של
שכר של חודש	§ 44(a)(1) 'במשכורת חודש מרץ'; משכורת is the instruments' word for a month's pay	PARTIAL	חודש שכר
תקופת תחולה	section title; 'תחולה' is the instruments' word (§ 26(d) 'ותחול מתחילת שנת הלימודים')	NONE	תקופת תוספת אופק
נספח א׳1 — טבלת השכר למורים בעלי תואר ראשון, קוד דירוג 101	document title 'נספח א׳1 — טבלת השכר למורים בעלי תואר BA (קוד דירוג 101)'	NONE	קוד דירוג
נספח א׳2 — טבלת השכר למורים בעלי תואר שני, קוד דירוג 102	document title 'נספח א׳2 — טבלת השכר למורים בעלי תואר MA (קוד דירוג 102)'	NONE	מקרה 11 — בעל תואר שלישי, טבלת בעלי תואר שני, דרגה 6, ותק 14
דבורה מבקשת דרגה 9	§ 38(f)(3) 'קידום מדרגת 8 לדרגה 9'	NONE	דרגה
דבורה מבקשת דרגה 9 כשיש מקום במכסה	§ 38(i) 'בכפוף לקיומה של מכסה פנויה'	NONE	דרגה
דבורה — מורה בבית ספר יסודי בראש הטבלה	§ 15 'מורה בבית-ספר יסודי'	NONE	בית ספר יסודי
נעה — בעלת תואר שלישי בחצי משרה	§ 36(d) 'מורה בעל תואר שלישי'; § 27 'משרה חלקית'	NONE	בעל תואר שלישי
שיבוץ, ותק וקידום	§ 36 'שיבוץ בטבלאות השכר'; § 37 'ותק בהוראה'; § 38 'קידום בדרגות'	NONE	שיבוץ
קידום, על אותן עובדות	§ 38 'קידום בדרגות'	NONE	בקשת קידום
סעיף 10 להסכם 2022 — הסכומים השקליים המזעריים	2022 § 10 heading 'סכום שקלי מינימלי לגמולי תפקיד'	NONE	הרצפות השקליות — סעיף 10 להסכם מיום 19.10.2022
סעיף 14 — ימי העבודה	§ 14 heading 'ימי עבודה בשבוע'	ALL-WORDS	ימי העבודה בשבוע — סעיף 14
סעיף 17 — שורה אחת בתלוש המשכורת	2026 § 17 'יופיע בשורה אחת בתלוש המשכורת של עובד ההוראה'	NONE	שורה
סעיף 18 — מה שההפחתה אינה נוגעת בו	2026 § 18 heading 'סייג לעניין תשלומים שונים'	NONE	חל סעיף 33(ה)
סעיף 20 — קצובת הביגוד, הפחתה חד פעמית	2026 § 20 heading 'קצובת ביגוד לשנת 2025'; 'תבוצע הפחתה חד פעמית'	NONE	סכום קצובת הביגוד לרמה 4
סעיף 22 להסכם 2022 — גמול תפקיד בית ספרי	2022 § 22 heading 'גמול תפקיד בית ספרי'	NONE	גמול תפקיד
סעיף 26 — שעות גיל	§ 26 heading 'שעות גיל'	ALL-WORDS	שעות גיל — סעיף 26
סעיף 31 — חישוב ערך שעה	§ 31 heading 'חישוב ערך שעה'	PARTIAL	ערך שעה לעניין
סעיף 36 — שיבוץ בכניסה	§ 36 heading 'שיבוץ בטבלאות השכר'	NONE	שיבוץ
סעיף 37 — מה נחשב ותק	§ 37 heading 'ותק בהוראה'	NONE	ותק מוכר — הסכם הבסיס סעיף 37
סעיף 38 — קידום בדרגות	§ 38 heading 'קידום בדרגות'	NONE	חסום מהתקדמות בדרגות לפי סעיף 36(ה)
סעיף 39 — גמולי התפקיד	§ 39 heading 'גמולי תפקיד אשר ימשיכו להתקיים ברפורמה'	PARTIAL	סך גמולי התפקיד
סעיף 5 להסכם 2022 — תוספת אופק 2022	2022 § 5 heading 'תוספת אופק 2022'	PARTIAL	תוספת אופק 2022 — הסכם 19.10.2022 סעיף 5
סעיף 8 — הבסיס הקובע	2026 § 8 '"הבסיס הקובע" — משכורת, למעט כל אחד מאלה'	PARTIAL	הבסיס הקובע במקרה 16
סעיף 9 — השיעורים ושתי התקופות	2026 § 9(a),(b) 'בתקופה שמיום ... בשיעור של'	NONE	התקופות
סעיפים 15 ו-16 — קידום הוותק, שניתן ונשלל בחזרה	2026 § 15 'הכרה בוותק לצורך התקדמות בוותק'; § 16 'תופחת משכורתו בסכום השווה לעליה'	NONE	הוותק
סעיפים 15 ו-17 — מבנה השבוע	§§ 15, 17 'מבנה שבוע העבודה'	NONE	בדיקות מבנה
סעיפים 24 ו-25 — שעת מילוי המקום הנוספת	2026 § 24 'יבצעו עובדי ההוראה שעת הוראה פרונטלית בודדת כממלאי מקום'	NONE	שעת מילוי מקום
סעיפים 27 ו-33 — היקף המשרה המותר	§ 27 'מורה במשרה חלקית'; § 33 'היקף העסקה'	PARTIAL	היקף המשרה
סעיפים 29 ו-30 — השעות המשולמות בנוסף	§ 29 'שעות מילוי מקום'; § 30 'פעילויות בית ספריות'	NONE	שבוע העבודה ושלושת סוגי השעות — סעיפים 14, 15, 17, 18
סעיפים 6 ו-7 — על מי חל ההסכם	2026 § 6 heading 'תחולה'	NONE	הקידום המשלים חל על דרגות 6 עד 8.5 בלבד
ותק בשנות לימודים	section title; § 37 'ותק בהוראה'	NONE	ותק במקרה 14
הפחתות שכר 2025-2026	2026 § 8 heading 'הפחתות שכר 2025-2026'	PARTIAL	שכר C3
הבסיס שעליו מחושבים הגמולים האחוזיים	2022 § 5.4 'לעניין חישוב תוספות אחוזיות המחושבות על בסיס השכר המשולב'	NONE	הבסיס
טבלאות השכר המשולב	§ 35 'טבלאות השכר המשולב החדשות'	PARTIAL	השכר המשולב של
מועדי תחילתן של טבלאות השכר	section title; the printed tables carry 'מעודכנת החל מיום 1.9.2016'	NONE	הפחתת השכר של
החודש, לפני ההפחתה ואחריה	2026 § 9 'תופחת משכורתו'	NONE	שורות התלוש לפני ההפחתה של
מרכיבי תלוש השכר	2026 § 8(a) 'רכיבי שכר'; 2026 § 17 'תלוש המשכורת'	NONE	חודש השכר
ההפחתה מגיעה גם לחיסכון של המורה	2026 § 12 'קרן השתלמות'	NONE	שורות התלוש לפני ההפחתה של
שיעורי העלייה המודפסים בשולי הטבלה	§ 35(b) 'יעודכנו בשיעורים ובמועדים'; the margins of the printed table carry 2% / 1% / 7.5%	NONE	העלייה לאחר 1.9.2016
הגמולים והתוספות	§ 39 'גמולי תפקיד'; 2022 § 5 'תוספת אופק 2022'	NONE	סעיף 42 — הגמולים שחדלו
ערך השעה, ומדוע העניין משנה	§ 31(a) 'לעניין הנושאים הבאים'	PARTIAL	ערך השעה
ערך השעה, למורה זו	§ 31 'חישוב ערך שעה'	PARTIAL	ערך השעה
השבוע, על אותן עובדות	§§ 15, 17 'מבנה שבוע העבודה'	NONE	ההערכה ממליצה על קידומו
שבוע העבודה, היקף המשרה וערך השעה	chapter heading 'מבנה שבוע העבודה החדש של מורים בין כתלי בית הספר'; § 31 'חישוב ערך שעה'	NONE	אופק חדש — שבוע העבודה והיקף המשרה
על מי חלה הרפורמה	§ 3 'הסכם זה יחול על כל העובדים המדורגים בדירוג עובדי הוראה'	NONE	ההערכה ממליצה על קידומו
תלושי שכר מחושבים	2026 § 17 'תלוש המשכורת'	NONE	שכר C3
יעל מבקשת דרגה 5	§ 38(b) 'קידום מדרגה 4 לדרגה 5'	NONE	דרגה
יעל בחצי משרה	§ 27 'משרה חלקית'	PARTIAL	שבוע יסודי בחצי משרה
יעל במעט פחות משליש משרה	§ 27(a) '1/3 משרה'; § 39(b) '1/3 משרה לפחות'	NONE	בחלקיות משרה
יעל — מחנכת בחטיבת ביניים, אחת עשרה שנות ותק	§ 17 'מורה בחטיבת ביניים'; § 39(a)(1) 'מחנך כיתה'; § 37 'ותק'	NONE	מורה בחטיבת ביניים ותק 26
תשלומי גישור או תוספת לקצבה שנרכשה	2026 § 18(5) 'תשלומי גישור או סכום תוספת לקצבה הנרכש מקופת גמל לקצבה'	NONE	תוספת אופק 2022
רכיב שכר	2026 § 8(a) 'רכיבי שכר אחרים'	EXACT	רכיב שכר
יום בשנת הלימודים 2022	same	PARTIAL	התקופה בשנת הלימודים תשפו
יום בשנת הלימודים 2026	same	PARTIAL	התקופה בשנת הלימודים תשפו
הפחתת שכר בשל שעת היעדרות	§ 31(a)(4) 'הפחתת שכר בשל שעת היעדרות'	EXACT	הפחתת שכר בשל שעת היעדרות
חטיבת ביניים	§ 17 'מורה בחטיבת ביניים'	EXACT	חטיבת ביניים
חודש שלאחר תחילת גמול התפקיד הבית ספרי	2022 § 22.1 as amended by 2026 § 19	NONE	בסיס גמול התפקיד
חודש בשנת הלימודים 2024	'שנת הלימודים' throughout the instruments	PARTIAL	התקופה בשנת הלימודים תשפו
חודש בתקופת ההפחתה הראשונה	2026 § 9(a)	NONE	שיעור ההפחתה המוסכם בתקופה הראשונה
חודש בתקופת ההפחתה השנייה	2026 § 9(b)	NONE	שיעור ההפחתה המוסכם בתקופה השנייה
מורה חדש ששובץ לפי סעיף 36	§ 7(j) 'מורה חדש'; § 36(a) 'ישובצו בטבלאות השכר בדרגה 1 ובותק 0'	PARTIAL	מורה חדש
תשלום חד פעמי עקב סיום עבודה	2026 § 18(1) 'תשלום חד פעמי המשולם לעובד או לשאיריו ... עקב סיום עבודה'	NONE	שבוע עבודה
תשלום המשולם על בסיס חודשי שבועי או יומי	2026 § 8(a), read the other way round	NONE	חודשי חופשה ללא תשלום
תשלום שאינו עתי ואינו מחושב על בסיס רכיבי שכר אחרים	2026 § 8(a) 'תשלומים שאינם משולמים על בסיס חודשי, שבועי או יומי ואינם מחושבים על בסיס רכיבי שכר אחרים'	NONE	בסיס
תשלומי פנסיה תקציבית	2026 § 18(4) 'תשלומי פנסיה תקציבית, המשולמת על פי דין או הסכם'	NONE	
יש מקום פנוי במכסה בדרגה	§ 38(i) 'בכפוף לקיומה של מכסה פנויה'	NONE	יש מכסה פנויה בדרגה
בית ספר יסודי	§ 15 'מורה בבית-ספר יסודי'	EXACT	בית ספר יסודי
קידום מדרגה 3	§ 38(b) 'קידום מדרגה 3 לדרגה 4'	NONE	בקשת קידום
קידום מדרגה 3 שנה אחת מוקדם מדי	fixture built on § 38(b)	NONE	מקרה 17 — קידום מדרגה 1 לדרגה 2 בתום שתי שנות שהייה
קידום לדרגה 7 כשיש מקום במכסה	fixture built on § 38(i) 'מכסה פנויה'	NONE	מספר החודשים המרבי לעיכוב קידום לדרגה
קידום לדרגה 7 כשהמכסה מלאה	fixture built on § 38(g)	PARTIAL	מקרה 18 — קידום לדרגה 7 כשמכסת ה־10% מלאה
קידום לדרגה 7 ללא הערכה	fixture built on § 38(e)(3)	NONE	מספר החודשים המרבי לעיכוב קידום לדרגה
עניין שלגביו מחושב ערך שעה	§ 31(a) 'הבסיס לחישוב ערך שעה לעניין הנושאים הבאים'	NONE	עניין ערך השעה
החזר הוצאות	2026 § 8(c) 'החזר הוצאות'	NONE	
תפקיד המזכה בגמול	§ 39 heading 'גמולי תפקיד אשר ימשיכו להתקיים ברפורמה'	PARTIAL	תפקיד מזכה בגמול
שורה בטבלת השכר המשולב	§ 35 'טבלת השכר המשולב'	PARTIAL	השכר המשולב של
שנת שבתון המקיימת תנאי מתנאי סעיף 38(c)(5)	§ 38(c)(5) 'שנת שבתון — אך ורק אם התקיים ... אחד התנאים הבאים'	NONE	מתקיימים תנאי סעיף 33(ה)
שנת שבתון שאינה מקיימת אף תנאי מתנאי סעיף 38(c)(5)	§ 38(d)(2) 'שנת שבתון שבה לא התקיים ... אחד התנאים המפורטים בסעיף קטן (ג)(5)'	NONE	מתקיימים תנאי סעיף 33(ה)
טבלת שכר	§ 35 'טבלת השכר המשולב', § 36 'שיבוץ בטבלאות השכר'	PARTIAL	שכר C3
פעילות בית ספרית	§ 31(a)(3) 'פעילויות בית ספריות'; § 30 heading	ALL-WORDS	דיווח פעילות בית ספרית
שנת לימודים	type; § 26(d), § 44(b)(4) 'שנת הלימודים' throughout	NONE	שנות שהייה אילו נספרה גם שנת חל"ת
שעת מילוי מקום	§ 31(a)(1) 'שעת מילוי מקום'; § 29 heading 'שעות מילוי מקום'	EXACT	שעת מילוי מקום
שעת מילוי מקום המבוצעת במקום שעת שהייה	§ 31(a)(2) 'שעת מילוי מקום המבוצעת במקום שעת שהיה'	PARTIAL	מילוי מקום במקום שעת שהייה
תפקיד פיקוח או מטה	2026 § 7 'המועסקים בשירות המדינה בתפקידי פיקוח ומטה'	NONE	גמול תפקיד
מורה	§ 7(b) 'מורה'	EXACT	מורה
מכללה להכשרת עובדי הוראה	2026 § 7 'המועסקים במכללות להכשרת עובדי הוראה'	NONE	הוראה רגילה
מבנה שבוע עבודה	§ 15 'מבנה שבוע העבודה למורה בהיקף משרה של 100%'	PARTIAL	שבוע עבודה
אקדמאי — בעל תואר שלישי	§ 36(d) 'מורה בעל תואר שלישי (ד"ר)'	PARTIAL	בעל תואר שלישי
אקדמאי — בעל תואר ראשון מוכר	§ 7(d),(e), § 36(c) 'מורה בעל תואר ראשון'	PARTIAL	בעל תואר ראשון
אקדמאי — בעל תואר שני מוכר	§ 36(c) 'מורה בעל תואר שני'	PARTIAL	בעל תואר שני
תואם עד כדי אגורה	'אגורה' is the coin; the follow-up-committee correction of 14.1.2025 reissued the tables to the agora	NONE	גיל 50 עד 54
כלל המשרות של עובדי הוראה	§ 38(g) defines '"כלל המשרות של עובדי הוראה"' expressly	PARTIAL	כלל המשרות
בקשה לקידום בדרגה	§ 38 'קידום בדרגות'; the record itself is an encoding device	PARTIAL	זכאי לקידום בדרגה
מוסד חינוך בתנאי אופק חדש	2026 § 6 'המועסקים במוסדות החינוך ... בתנאי אופק חדש'	NONE	אופק חדש — הטבלאות המודפסות
הסכום המשולם לקופת גמל לקצבה	2026 § 18(2) 'הסכום המשולם לקופת גמל לקצבה בעד עובד'	NONE	הסכום
גילום מס העובד בידי המעסיק	2026 § 8(d) 'גילום חלק מהמס החל על העובד אשר משולם בידי המעסיק'	NONE	אושר גמול נוסף בידי מנהל המחוז
מורה קיים שהומר לפי סעיפים 43 עד 50	§ 7(i) 'מורה קיים'; § 43 'ההמרה' (hamara)	NONE	מורה קיים
שעת עבודה מעבר למשרה מלאה	§ 33(c)(3) 'התגמול עבור שעת עבודה מעבר ל-100% משרה'	PARTIAL	שעות מעבר למשרה מלאה במקרה 13
תפקיד הדרכה בתנאי אופק חדש	2026 § 6 'המועסקים בתפקידי הדרכה בתנאי אופק חדש'	NONE	אופק חדש — גמולי תפקיד ותמורה לפי שעה
אולפן בתנאי אופק חדש	2026 § 6 'או באולפנים, בתנאי אופק חדש'	NONE	אופק חדש — הטבלאות המודפסות
רכז הערכה ומדידה	§ 39(a)(11) 'רכז הערכה ומדידה'	EXACT	רכז הערכה ומדידה
בדרגה 1	table column heading 'דרגה' 1..9; § 38 'קידום לדרגות'	ALL-WORDS	המשובצים בדרגה
בדרגה 2	table column heading 'דרגה' 1..9; § 38 'קידום לדרגות'	ALL-WORDS	המשובצים בדרגה
בדרגה 3	table column heading 'דרגה' 1..9; § 38 'קידום לדרגות'	ALL-WORDS	המשובצים בדרגה
בדרגה 4	table column heading 'דרגה' 1..9; § 38 'קידום לדרגות'	ALL-WORDS	המשובצים בדרגה
בדרגה 5	table column heading 'דרגה' 1..9; § 38 'קידום לדרגות'	ALL-WORDS	המשובצים בדרגה
בדרגה 6	table column heading 'דרגה' 1..9; § 38 'קידום לדרגות'	ALL-WORDS	המשובצים בדרגה
בדרגה 7	table column heading 'דרגה' 1..9; § 38 'קידום לדרגות'	ALL-WORDS	המשובצים בדרגה
בדרגה 8	table column heading 'דרגה' 1..9; § 38 'קידום לדרגות'	ALL-WORDS	המשובצים בדרגה
בדרגה 9	table column heading 'דרגה' 1..9; § 38 'קידום לדרגות'	ALL-WORDS	המשובצים בדרגה
מורה מוסמך שאינו אקדמאי	§ 7(f) 'מורה מוסמך' (mo're musmach)	PARTIAL	מורה מוסמך
כיתות בשכבה המרוכזת	§ 39(a)(9) 'מספר הכיתות בשכבה'; § 15 table column 'מספר הכיתות בשכבה של ממונה השכבה'	NONE	כיתות א' עד ו'
שירות חובה בצה״ל	§ 37(a) 'למעט תקופת שירות חובה בצה"ל'	PARTIAL	שנות שירות חובה בצבא
היקף המשרה	§ 27 'היקף משרה'. The agreement uses היקף משרה and חלקיות משרה interchangeably; this encoding assigns היקף המשרה to the record field and חלקיות המשרה to the free parameter, to keep them distinct	EXACT	היקף המשרה
שעות פרונטליות	§ 15(b) 'שעות העבודה הפרונטליות בפני כיתה'; the table column is headed 'שעות פרונטאליות'	NONE	שעות ביום ו
ממונה שכבה	§ 39(a)(9) 'ממונה (רכז) שכבה'; § 15 'ממונה שכבה'	EXACT	ממונה שכבה
מחנך כיתה שאינה כיתה א׳	2022 § 10.1.1.1 '10% מהשכר המשולב למחנך כתה שאינה כתה א׳'	PARTIAL	מחנך כיתה
מחנך כיתה א׳	§ 39(a)(2) 'מחנך כיתה א׳'	PARTIAL	מחנך כיתה
שעות פרטניות	§ 15(c); the table column is headed 'שעות פרטניות'	PARTIAL	פרטניות
בוצעה ביום החופשי של המורה	§ 29(c) 'המבצע שעת מילוי מקום ביום החופשי שלו'	NONE	המורה
בוצעה במקום שעת שהייה שהושלמה ביום אחר	§ 29(e) 'ובוחר לבצע אותה שעת שהיה ביום אחר'	PARTIAL	מילוי מקום במקום שעת שהייה שתבוצע ביום אחר
בוצעה במקום שעת שהייה שלא הושלמה	§ 29(d) 'במקום שעת שהיה באותו יום ... ולא תשולם לו התמורה הרגילה'	PARTIAL	מילוי מקום במקום שעת שהייה
רכז מעבדה	§ 39(a)(10) 'רכז מעבדה'	EXACT	רכז מעבדה
חופשת לידה לפי חוק	§ 38(c)(1) 'חופשת לידה לפי חוק'	ALL-WORDS	חודשי חופשת לידה לפי חוק
שירות לאומי בהוראה	§ 37(a) 'שירות לאומי בהוראה'	ALL-WORDS	שנות שירות לאומי בהוראה
המשכורת החודשית הרגילה	2026 § 25 'בנוסף על משכורתו החודשית הרגילה'	NONE	
חופשת מנוחה בשכר או חופשת מחלה בשכר	§ 38(c)(4) 'חופשת מנוחה בשכר וחופשת מחלה בשכר'	NONE	חודשי מנוחה ומחלה בשכר
שעות שהייה	§ 15(d) defines '(להלן: "שעות השהיה")'	PARTIAL	שהייה
הקידום מדרגה מחייב הערכה	§ 38(e)(3) 'תוצאות ההערכות של המורה ... שיש בהן כדי להמליץ על קידומו'	NONE	רכז הערכה ומדידה
ההסמכה	record field; § 7(f)-(h) 'הסמכה'	ALL-WORDS	חודשי לימודי ההסמכה הנספרים
דרגה	§§ 36, 38 'דרגה' (darga); table margin row is headed 'דרגה'	EXACT	דרגה
שירות מילואים	§ 38(c)(2) 'שירות מילואים'	ALL-WORDS	חודשי שירות מילואים
רכז זהירות בדרכים	§ 39(a)(6) 'רכז זהירות בדרכים (ז.ה.ב.)'	EXACT	רכז זהירות בדרכים
תפקידים	§ 39 'בגין מילוי התפקידים הבאים'	ALL-WORDS	מקרה 10 — מורה הממלא שלושה תפקידים מזכים, בלי אישור מנהל מחוז ועם אישורו
סעיף 36(e) מונע מהמורה להתקדם בדרגה	§ 36(e) 'לא יוכל להתקדם בדרגות'	NONE	המשובצים בדרגה
רכז ביטחון	§ 39(a)(7) prints 'רכז בטחון'; the plene spelling ביטחון is used here and noted	NONE	רכז בטחון
מורה בכיר שאינו אקדמאי	§ 7(g) 'מורה בכיר' (mo're bachir)	PARTIAL	מורה בכיר
ותק בשנים	§ 37 'ותק בהוראה' (vetek); table margin column is headed 'ותק'	NONE	ותק במקרה 14
עבודה כמנהל או כסגן מנהל ראשון שלא הקנתה קידום	§ 38(c)(3) 'תקופת עבודה רצופה בה שימש המורה כמנהל או כסגן מנהל ראשון, ואשר לא הקנתה לו קידום בדרגה'	NONE	חודשי ניהול שלא הקנה קידום
רכז חינוך חברתי	§ 39(a)(8) 'רכז חינוך חברתי'	EXACT	רכז חינוך חברתי
ניתן אישור מיוחד	§ 27(c) 'אושרו על ידי מנהל אגף כוח אדם בהוראה במשרד החינוך'	NONE	גמול חינוך מיוחד
שיעור גמול חינוך מיוחד	§ 39(a)(3) '5.5%, 8.5%, 9% או 14% מהשכר המשולב'; § 39(c) 'גמול חינוך מיוחד'	EXACT	שיעור גמול חינוך מיוחד
רכז מקצוע	§ 39(a)(5) 'רכז מקצוע'	EXACT	רכז מקצוע
מלמד בחינוך מיוחד	§ 39(a)(3) 'מורה לחינוך מיוחד'	PARTIAL	הוראה בחינוך מיוחד
ותק בהוראה המוכר בתקנון שירות עובדי הוראה	§ 37(a) 'ותק בהוראה ... כהגדרתו היום בתקנון שירות עובדי הוראה'	NONE	טקסונומיית רכיבי השכר — תקנון שירות עובדי הוראה סעיף 1.1
שירות בצה״ל בהוראה	§ 37(a) 'שירות בצה"ל בהוראה'	PARTIAL	שנות שירות בצבא בהוראה
הסכם 2026 חל על עבודה במקום	2026 § 6 'הסכם זה יחול על כל העובדים'	NONE	חל הסכם מאושר
טבלת תואר ראשון — קוד דירוג 101	table heading: 'טבלת שכר למורים בעלי תואר BA (קוד דירוג 101)'; § 36(c) 'טבלת השכר לבעלי תואר ראשון'	PARTIAL	קוד דירוג
מספר השנה העברית של שנת הלימודים	2022 § 22.1 'תשפ"ו'; 2026 § 19 'תשפ"ז'. Label arithmetic (opening year + 3761), NOT a calendar conversion — 1.9.2025 is still 5785 in the Hebrew calendar	NONE	מספר הדרגה של
טבלת תואר שני — קוד דירוג 102	table heading: 'טבלת השכר למורים בעלי תואר MA (קוד דירוג 102)'	PARTIAL	קוד דירוג
מספר השעות הנוספות הנדרשות בשנת הלימודים תשפ״ו	2026 § 24 'בשנת הלימודים תשפ״ו ... שעת הוראה פרונטלית בודדת'	NONE	מספר השעות
שעות הפעילות לאחר שעות בית הספר	§ 30(c)	PARTIAL	פעילות לאחר שעות בית הספר
שעות הפעילות לאחר שעות בית הספר המותרות במחצית	§ 30(c) 'פעילות לאחר שעות בית הספר — מסיבה נושאית, מסיבת סיום וכדו׳ (עד 6 שעות במחצית)'	PARTIAL	פעילות לאחר שעות בית הספר
הגיל ביום 31 בדצמבר של שנת הלימודים	§ 26(d) 'על-פי גילו ביום 31 בדצמבר באותה שנת הלימודים'	NONE	היום שבו נקבע הגיל לעניין שעות הגיל — 31 בדצמבר
הגיל ביום 31 בדצמבר של שנת הלימודים עבור	§ 26(d) 'על-פי גילו ביום 31 בדצמבר באותה שנת הלימודים'. Distinct from ofek-worktime's parameter `the age on 31 December of the school year`, which is the number this function computes	NONE	היום שבו נקבע הגיל לעניין שעות הגיל — 31 בדצמבר
הגיל בתאריך	§ 26(b)-(c) 'מורה ... שגילו 55 ומעלה' / '50 ומעלה'	NONE	רצועת הגיל
הקצובה כולל הצמדה למדד	2026 § 20(a)(1)(a) 'כולל הצמדה למדד המחירים לצרכן'	NONE	סעיף 32 להסכם הבסיס — הסדר תמורה כולל
הקצובה ללא הצמדה למדד	2026 § 20(a)(1)(a) 'ללא הצמדה למדד המחירים לצרכן'	NONE	חודשי חופשה ללא תשלום
שעות האסיפה הבית ספרית	§ 30(c)	NONE	שעות פעילות בית ספרית ביום
שעות האסיפה הבית ספרית המותרות במחצית	§ 30(c) 'אסיפה בית ספרית כללית (עד 4 שעות במחצית)'	NONE	תקרת שעות פעילות בית ספרית במחצית
הבסיס לעניין זה	§ 31(a) 'הבסיס לחישוב ערך שעה לעניין הנושאים הבאים'	NONE	הבסיס
הכיתות בשכבה	§ 15 table column 'מספר הכיתות בשכבה של ממונה השכבה'	ALL-WORDS	מספר הכיתות בשכבה
קצובת ביגוד	2026 § 8(b) 'קצובת ביגוד'	EXACT	קצובת ביגוד
הפחתת קצובת ביגוד 2025	2026 § 20(a)(2) '(להלן: הפחתת קצובת ביגוד 2025)'	PARTIAL	קצובת ביגוד
השכר המשולב	§ 36(d)(2) 'שכרו המשולב'	ALL-WORDS	השכר המשולב של
השכר המשולב למשרה מלאה	§ 39(b) '"שכר משולב" - שכר משולב למשרה מלאה (100%)'	EXACT	השכר המשולב למשרה מלאה
השכר המשולב המשתלם עבור	§ 35 'השכר המשולב'	PARTIAL	השכר המשולב של
הרכיב	2026 § 8(a) 'רכיבי שכר'	EXACT	הרכיב
הרכיב נכלל בבסיס הקובע	2026 § 8 'הבסיס הקובע'	PARTIAL	נכלל בבסיס הקובע
הדרגה הנוכחית	§ 38(b) 'שהייה בדרגה הקודמת'	EXACT	הדרגה הנוכחית
מועד כניסת סעיף 22 לתוקף לאחר הדחייה	2026 § 19 substitutes 'החל בשנת הלימודים תשפ״ז (המתחילה ביום 1.9.2026)'	NONE	ערך שעה — סעיף 31, כנוסחו לאחר סעיף 19 להסכם ההשלמה
המועד שבו היה סעיף 22 אמור להיכנס לתוקף תחילה	2022 § 22.1 'החל משנת הלימודים תשפ״ו (המתחילה ביום 1.9.2025)'	NONE	חל סעיף 33(ה)
מועד תחילת טבלאות ינואר 2015	table heading 'מעודכנות החל מיום 1.1.2015'	NONE	
מועד תחילת טבלאות ספטמבר 2016	table heading 'מעודכנת החל מיום 1.9.2016'	NONE	סעיף 4(ג) להסכם ספטמבר 2016 אינו בקורפוס
מועד תחילת טבלאות ספטמבר 2022	appendices alef-1/alef-2 of the 2022 agreement carry 1.9.22	NONE	סעיף 4(ג) להסכם ספטמבר 2016 אינו בקורפוס
מועד תחילת הסכומים השקליים המזעריים	2022 § 10.1.1 'החל מיום 1.9.2023'	NONE	
מועד הגדלת תוספת אופק 2022	2022 § 5.2 'החל מיום 1.9.2023 תוספת אופק 2022 תהיה כמפורט בנספחים ג1 עד ג7'	PARTIAL	תוספת אופק 2022
מועד תחילת תוספת אופק 2022	2022 § 5.1 'החל מיום 1.9.2022'	PARTIAL	תוספת אופק 2022
היום הוא יום שישי	§ 33(c)(2) 'וביום ו׳'	NONE	החודש הוא יולי
הבסיס הקובע	2026 § 8 '"הבסיס הקובע"' — a defined term of the agreement	ALL-WORDS	הבסיס הקובע במקרה 16
הבסיס הקובע של	2026 § 8	PARTIAL	הבסיס הקובע במקרה 16
המשכורת הקובעת לפנסיה תקציבית	2026 § 18(3) 'המשכורת הקובעת לחישוב תשלומי עובדים בפנסיה תקציבית'	NONE	משכורת קובעת לפנסיה לפי
מנהל המחוז אישר גמול נוסף	§ 39(c) 'למעט אם אישר מנהל המחוז לשלם גמול בגין תפקיד נוסף'	PARTIAL	אושר גמול נוסף בידי מנהל המחוז
תוספת התואר השלישי עבור	§ 36(d)(2)	PARTIAL	סכום תוספת התואר השלישי
תוספת התואר השלישי המשתלמת עבור	§ 36(d)(2)	PARTIAL	סכום תוספת התואר השלישי
שיעור תוספת התואר השלישי	§ 36(d)(2) 'תוספת שכר בשיעור של 5% משכרו המשולב בטבלה'	PARTIAL	סכום תוספת התואר השלישי
ההערכות ממליצות על קידום	§ 38(e)(3) 'שיש בהן כדי להמליץ על קידומו של המורה'	NONE	בקשת קידום
מספר יחידות הגמול המזערי לתפקיד בית ספרי	2022 § 22.2 'בין שתי יחידות גמול לחמש יחידות גמול, ביחידות שלמות'	NONE	הגמול משולם
היום הראשון של שנת הלימודים 2024	'שנת הלימודים' is the instruments' unit of time throughout	NONE	השיבוץ של
היום הראשון של תקופת ההפחתה הראשונה	2026 § 9(a) 'בתקופה שמיום 1.5.2025'	NONE	שורות התלוש לפני ההפחתה של
היום הראשון של שנת הלימודים	§ 44(b)(4) 'תחילת שנת הלימודים (1 בספטמבר)'	NONE	השיבוץ של
היום הראשון של תקופת ההפחתה השנייה	2026 § 9(b) 'בתקופה שמיום 1.1.2026'	NONE	שורות התלוש לפני ההפחתה של
החודש הראשון שבו נשלל קידום הוותק	2026 § 16 'החל במשכורת חודש ספטמבר'	NONE	הוותק
החלק הקבוע בהפחתת קצובת הביגוד	2026 § 20(a)(1)(b) 'סכום של 91 ₪'	NONE	סכום קצובת הביגוד לרמה 4
הסכום המזערי לגמול ממונה שכבה	2022 § 10.2 heading 'גמול ממונה (רכז) שכבה'; § 10.2.1.2 '1,100 ₪'	PARTIAL	ממונה שכבה
הסכום המזערי לגמול חינוך כיתה	2022 § 10.1 heading 'גמול חינוך'; § 10.1.1.2 '1,000 ₪'	NONE	שיעור גמול חינוך לכיתה שאינה כיתה א'
חלקיות המשרה	§ 27(g) 'מורה שחלקיות משרתו'. Paired with היקף המשרה (the record field) so the two stay distinct — see the naming note	EXACT	חלקיות המשרה
השכר המשולב המלא	§ 39(b) 'שכר משולב למשרה מלאה'. Kept distinct from השכר המשולב למשרה מלאה, which is the table lookup in ofek-salary-table	PARTIAL	השכר המשולב של
בסיס הגמולים האחוזיים למשרה מלאה של	§ 39(b) + 2022 § 5.4	PARTIAL	בסיס התוספות האחוזיות למשרה מלאה
תוספת אופק המלאה	2022 § 5.3 'בהשוואה לעובד הוראה במשרה מלאה'	PARTIAL	תוספת אופק 2022
שבוע העבודה למשרה מלאה של ממונה שכבה לפי	§§ 15, 17 'המשמש בתפקיד של ממונה שכבה'	PARTIAL	שבוע העבודה למשרה מלאה — סעיפים 15 עד 22
סך השעות של	§ 15(a) 'שבוע העבודה בבית הספר יהיה בהיקף של 36 שעות'	PARTIAL	סך השעות שבשורה
השעות בחודש של משרה מלאה	§ 31(b) 'הבסיס לחישוב ערך שעה ל-100% משרה'	PARTIAL	מספר השעות הפרונטאליות מעל משרה מלאה
השעות בשבוע של משרה מלאה	§ 31(b), same formula	PARTIAL	מספר השעות הפרונטאליות מעל משרה מלאה
השעות ביום	§ 33(c)(2)	ALL-WORDS	תקרת השעות ביום ו'
השעות בשבוע	§ 33(c)(2)	ALL-WORDS	תקרת השעות בשבוע
שנת ההתמחות	§ 37(a) 'לא כולל תקופת ההתמחות'; § 7(i)(2) calls it 'שנת סטאז׳'	NONE	שנות ההתמחות
היקף המשרה הרגיל המרבי	§ 33(a) 'בהיקף משרה של עד 100% בלבד'	PARTIAL	היקף המשרה
היום האחרון של תקופת ההפחתה הראשונה	2026 § 9(a) 'ועד יום 31.12.2025'	NONE	שורות התלוש לפני ההפחתה של
היום האחרון של שנת הלימודים	31 August; the vaadat maakav decision of 19.9.2010 treats 'ביום 31 באוגוסט' as the last day of the employment year. The agreements define no closing date in terms, so the note is part of the claim	NONE	השיבוץ של
היום האחרון של תקופת ההפחתה השנייה	2026 § 9(b) 'ועד יום 31.12.2026'	NONE	שורות התלוש לפני ההפחתה של
החודש האחרון שבו נשלל קידום הוותק	2026 § 16 'ועד חודש דצמבר 2025 (כולל)'	NONE	הוותק
יום העבודה הארוך ביותר המותר בחריג ארבעת הימים	§ 14 'ובלבד שיום העבודה שלו לא יארך יותר מ-9 שעות'	NONE	עומד בתקרת יום העבודה שבסעיף 32(א)
היום הארוך ביותר מעבר למשרה מלאה	§ 33(c)(2) 'לא יעלה על 8.5 שעות ביום אחד, בימים א׳ עד ה׳'	PARTIAL	שעות מעבר למשרה מלאה במקרה 13
יום השישי הארוך ביותר מעבר למשרה מלאה	§ 33(c)(2) 'וביום ו׳ - 5 שעות'	NONE	שעות מעבר למשרה מלאה במקרה 13
השבוע הארוך ביותר מעבר למשרה מלאה	§ 33(c)(2) 'וכן לא יעלה על 42 שעות בשבוע אחד'	PARTIAL	שעות מעבר למשרה מלאה במקרה 13
מתקיימים הקריטריונים של משרד החינוך	§ 38(a)(2) 'עמידה בקריטריונים שנקבעו על-ידי משרד החינוך'	NONE	עמד בקריטריוני משרד החינוך
הבסיס החודשי לעניין	§ 31(a) 'הבסיס לחישוב ערך שעה'	NONE	הבסיס
השכר החודשי לפני ההפחתה של	2026 § 18 'כאילו שולמו במועדם וללא ההפחתה'	PARTIAL	השכר החודשי הרגיל של
השכר החודשי של	2026 § 8 '"משכורת"'	ALL-WORDS	השכר החודשי הרגיל של
הפחתת השכר החודשית לפי	2026 § 9 'תופחת משכורתו של עובד הוראה'	PARTIAL	הפחתת השכר של
מספר יחידות הגמול המרבי לתפקיד בית ספרי	2022 § 22.2, same sentence	NONE	מספר בתי הספר המרבי
שם השורה בתלוש המשכורת	2026 § 17 'ויכונה "חוק הת. כלכלית אופק"'	NONE	השורה
שנת הפתיחה	record field; § 44(b)(4) 'תחילת שנת הלימודים (1 בספטמבר)' — a school year is identified by the year it opens in	NONE	שנות שהייה אילו נספרה גם שנת חל"ת
שבוע העבודה הרגיל למשרה מלאה לפי	§§ 15(a), 17(a)	PARTIAL	שבוע העבודה למשרה מלאה — סעיפים 15 עד 22
שעות אסיפת הורים וילדים	§ 30(c)	PARTIAL	אסיפת הורים וילדים פרטנית
שעות אסיפת הורים וילדים המותרות במחצית	§ 30(c) 'אסיפת הורים וילדים פרטנית (עד 8 שעות במחצית)'	PARTIAL	אסיפת הורים וילדים פרטנית
התמורה לשעה נוספת אחת כאשר	§§ 29, 30 'התמורה עבור'	NONE	כאשר המכסה
התמורה לשעה הנוספת לפי סעיף 25	2026 § 25	NONE	הוותק לפי סעיף 37(א) של
התשלום	2026 § 18 'התשלומים המפורטים להלן'	NONE	
הסכום האחוזי	2022 § 10.6 'הגמול האחוזי'	PARTIAL	הסכום
התקופה	§ 37, § 38(c) 'תקופות שהייה'	EXACT	התקופה
התקופה נחשבת ותק מוכר	§ 37(a) 'ותק מוכר'	NONE	ותק מוכר — הסכם הבסיס סעיף 37
המשרות המשובצות כבר באותה דרגה	§ 38(g) 'מספר המשרות המשובצות בדרגות 7 עד 9'	NONE	שיעור המשרות המשובצות בדרגה 7 במקרה 18
המשרות המשובצות כבר בדרגה המבוקשת	§ 38(g)	PARTIAL	שיעור המשרות המשובצות בדרגה 7 במקרה 18
מנהל בית הספר מסכים	§ 14 'בהסכמת מנהל בית הספר'	PARTIAL	מנהל בית הספר הסכים
העניין	§ 31(a) 'לעניין'	NONE	
המכסה מתירה את הקידום	§ 38(g)-(i) 'מכסה'	NONE	כאשר המכסה
הדרגה	§§ 36, 38 'דרגה' (darga), definite	EXACT	הדרגה
הדרגה שבה מתחיל מורה חדש אקדמאי	§ 36(a) 'ישובצו בטבלאות השכר בדרגה 1 ובותק 0'	NONE	מורה חדש
הדרגה מוקצבת במכסה	§ 38(g)-(i) 'מכסה פנויה'; 'מספר המשרות המשובצות בדרגות 7 עד 9 לא יעלה'	NONE	הדרגה
שיעור התמורה לפעילות בית ספרית	§ 30(a) 'בשיעור של 125% כפול ערך שעה'	PARTIAL	שיעור תמורת פעילות בית ספרית
שיעור התמורה לשעת מילוי מקום	§ 29(b) 'בשיעור של 125% כפול ערך שעה'	PARTIAL	שיעור תמורת מילוי מקום
שיעור התמורה לשעה מעבר למשרה מלאה	§ 33(c)(3) 'בשיעור של 100% כפול ערך שעה'	PARTIAL	שעות מעבר למשרה מלאה במקרה 13
שיעור התמורה הרגילה לשעת שהייה	§ 29(d) 'התמורה הרגילה עבור אותה שעת שהיה (100%)'	NONE	שהייה
שיעור ההפחתה בתקופה הראשונה	2026 § 9(a) 'בשיעור של 0.95% מהבסיס הקובע'	ALL-WORDS	שיעור ההפחתה המוסכם בתקופה הראשונה
שיעור ההפחתה בתקופה השנייה	2026 § 9(b) 'בשיעור של 1.2% מהבסיס הקובע'	ALL-WORDS	שיעור ההפחתה המוסכם בתקופה השנייה
שיעור התמורה לשעה הנוספת לפי סעיף 25	2026 § 25 'ישולם לעובדי ההוראה 25% מערך שעת עבודתו'	NONE	הוותק לפי סעיף 37(א) של
הוותק המוכר הקודם	§ 36(a) 'מורה חדש אקדמאי בעל ותק מוכר'	PARTIAL	הוותק המוכר
דמי הבראה	2026 § 8(b) 'דמי הבראה'	EXACT	דמי הבראה
ההפחתה אינה באה בחשבון בחישוב	2026 § 18 'לא תבואנה בחשבון בעניינים המפורטים להלן'	NONE	 כשהיא באה מיד אחרי 
שיעור ההפחתה לפי תאריך	2026 § 9	PARTIAL	שיעור ההפחתה לפי חוק בתקופה הראשונה
התפקיד	§ 39(a) 'בגין מילוי התפקידים הבאים'	EXACT	התפקיד
גמול התפקיד עבור	§ 39(a) 'גמול תפקיד'	PARTIAL	בסיס גמול התפקיד
מספר גמולי התפקיד שמורה רשאי לקבל	§ 39(c) 'זכאי, לכל היותר ... לשני גמולי תפקיד'	PARTIAL	מספר גמולי התפקיד הנמנים במקרה 9
גמולי התפקיד נכללים בבסיס ערך השעה לעניין	§ 31(a)(2)-(4) 'השכר המשולב וגמולי התפקיד המובאים בחשבון'	NONE	ערך השעה
גמולי התפקיד המשתלמים עבור	§ 39(a) 'זכאי לגמול תפקיד'	PARTIAL	סך גמולי התפקיד
מספר התפקידים הממולאים	§ 39(c) 'בגין מילוי תפקידים כאמור'	PARTIAL	מספר התפקידים הנמנים במקרה 10
שעות הפעילות הבית ספרית המותרות במחצית	§ 30(a) 'מספר שעות שלא יעלה על 18 שעות בכל מחצית של שנת הלימודים'	NONE	תקרת שעות פעילות בית ספרית במחצית
בית הספר כבר הנהיג שבוע של חמישה ימים	§ 14 'בבית-ספר בו הונהג שבוע לימודים של 5 ימים'	PARTIAL	בבית הספר הונהג שבוע לימודים של חמישה ימים
שנת הלימודים	parameter; § 26(d) 'באותה שנת הלימודים'	NONE	חודשי הלימודים
שנת הלימודים שנפתחת בשנת	constructor; 2022 § 22.1 'שנת הלימודים תשפ"ו (המתחילה ביום 1.9.2025)'	NONE	התקופה בשנת הלימודים תשפו
שנות הלימודים שחלפו בין	§ 37 measures seniority in teaching years, which are school years	NONE	חודשי הלימודים
גמול התפקיד הבית ספרי עבור	2022 § 22 'גמול תפקיד בית ספרי'	NONE	בסיס גמול התפקיד
גמול התפקיד הבית ספרי המשתלם עבור	2022 § 22	NONE	בסיס גמול התפקיד
שלילת קידום הוותק לפי סעיף 16 לפי	2026 § 16	PARTIAL	הוותק לפי סעיף 37(א) של
שיעור הגמול לפי סעיף 39 עבור	§ 39(a) 'בשיעור הקבוע לכל תפקיד'	NONE	הוותק לפי סעיף 37(א) של
הוותק	§ 37 'ותק בהוראה'; table margin 'ותק', definite	EXACT	הוותק
הוותק שבו משובץ מורה חדש אקדמאי בעל ותק מוכר של	§ 36(a) 'ישובץ בהתאם לויתקו האמור'	PARTIAL	ותק השיבוץ הראשוני של מורה חדש אקדמאי בעל ותק
הוותק שבו מתחיל מורה חדש אקדמאי	§ 36(a), same sentence	NONE	מורה חדש
הוותק הצבור בשנת הלימודים	§ 37 'ותק מוכר לצורך התקדמות בותק'	NONE	התקופה בשנת הלימודים תשפו
הוותק בכניסה	§ 36(a) 'ישובצו ... בותק 0'	PARTIAL	הוותק
הוותק שהוכר ערב המעבר	§ 37(b) 'כל שנות הותק בהוראה אשר הוכרו לצורך שכרו ערב המעבר שלו'	NONE	הוותק
קידום הוותק נשלל בתאריך	2026 § 16	NONE	הוותק
שיעור כלל המשרות של עובדי הוראה שהמכסה מתירה בדרגה	§ 38(g) 'בדרגה 7 — 10% מכלל המשרות של עובדי הוראה'	NONE	שיעור המשרות המשובצות בדרגה 7 במקרה 18
הסכום השקלי המזערי עבור	2022 § 10 'סכום שקלי מינימלי'	NONE	הסכום
השורה האחת בתלוש המשכורת עבור	2026 § 17	NONE	השורה
היקף המשרה המזערי למורה חדש ללא אישור	§ 27(c) 'לא יועסק בחלקיות משרה הנמוכה מ-50% אלא אם ... אושרו על ידי מנהל אגף כוח אדם בהוראה'	NONE	היקף המשרה
היקף המשרה המזערי ברפורמה	§ 27(a) 'בהיקף משרה שאינו נמוך מ-1/3 משרה'	PARTIAL	היקף המשרה
היקף המשרה המזערי המזכה בגמול תפקיד	§ 39(b) 'ובלבד שעובד ההוראה הועסק ב-1/3 משרה לפחות'	NONE	היקף המשרה
היקף המשרה המזערי המזכה בגמול תפקיד בית ספרי	2022 § 22.9 'ובלבד שהועסק בחלקיות של שליש משרה (33.33%) ומעלה'	NONE	היקף המשרה
הבסיס לקרן השתלמות	2026 § 12 'הבסיס לחישוב הסכומים המשולמים בעד עובד ההוראה לקרן השתלמות'	NONE	הבסיס
הבסיס לקרן השתלמות לאחר ההפחתה	2026 § 12, same sentence	NONE	הבסיס
הטבלה	§ 35 'טבלת השכר', definite	ALL-WORDS	שכר מן הטבלה לפי
הטבלה שבה משובץ	§ 36 'שיבוץ בטבלאות השכר' — 'ישובץ בטבלת השכר'	NONE	שכר מן הטבלה לפי
המורה	§ 7(b) 'מורה', definite	EXACT	המורה
המורה התקדם בוותק בספטמבר 2025	2026 § 16 'עובד הוראה אשר זכאי לקידום בוותק ... במשכורת חודש ספטמבר 2025'	NONE	המורה
המורה המתין ככל שסעיף 38(i) מתיר	§ 38(i)	NONE	המורה
המורה בעל תואר שלישי	§ 36(d) 'מורה בעל תואר שלישי'	PARTIAL	בעל תואר שלישי
למורה יש תעודת הוראה או הסמכה להוראה	§ 36(e) 'אשר אינו בעל תעודת הוראה או הסמכה להוראה'	PARTIAL	בעל תעודת הוראה או הסמכה
המורה הוא אקדמאי	§ 7(d) 'מורה אקדמאי'	NONE	המורה
המורה בתפקיד פארא-רפואי או מורה משלב	§ 27(e) 'מורה המועסק בתפקיד פארא רפואי או כמורה משלב/ת'	NONE	מורה משלב
ניתן לקדם את המורה	§ 38 'ניתן לקדם מורים'	NONE	המורה
המורה רשאי להמשיך לעבוד ארבעה ימים	§ 14 'יהיה רשאי ... להמשיך לעבוד 4 ימים בשבוע'	PARTIAL	רשאי להמשיך לעבוד ארבעה ימים בשבוע
המורה עומד בתנאי הקידום	§ 38(a),(e) 'התנאים המצטברים לקידום'	NONE	המורה
המורה עבד ארבעה ימים ערב המעבר	§ 14 'ערב המעבר לרפורמה עבד 4 ימים בשבוע'	ALL-WORDS	המורה עבד ארבעה ימים ערב המעבר לרפורמה
המורה עבד כרגיל ביום 4 במאי 2025	2026 § 24 ties the hour to the industrial action; the date is carried from the English encoding's own reading of the clause	NONE	המורה
תוספת אופק 2022 המשתלמת עבור	2022 § 5.1	PARTIAL	תוספת אופק 2022
היחידות	2022 § 22.2 'יחידות גמול'	NONE	
ערך השעה	§ 31 'ערך שעה', definite	EXACT	ערך השעה
ערך השעה עבור	§ 31	PARTIAL	ערך השעה
ערך השעה על בסיס של	§ 31(b) 'אופן חישוב ערך השעה'	PARTIAL	בסיס ערך השעה במקרה 5
שווי קידום הוותק שניתן בספטמבר 2025, אם ניתן	2026 § 16	NONE	הוותק
ערך יחידת גמול אחת	2022 § 22.4 'כל יחידת גמול תהיה שווה לסכום של 200 ₪ לחודש'	NONE	גמול השתלמות
שווי קידום הוותק	2026 § 16 'סכום השווה לעליה במשכורת לה הוא זכאי בשל קידום בוותק'	NONE	הוותק
שבוע העבודה לאחר הפחתת שעות הגיל של	§ 26(a)-(c) 'זכאי להפחתה של שתי שעות הוראה פרונטאליות שבועיות'	PARTIAL	שבוע העבודה לאחר שעות הגיל
השבועות בחודש לעניין זה	§ 31(b) '4.33 (שבועות) X 36 (שעות)'	PARTIAL	מספר השבועות בחודש לעניין ערך שעה
ימי העבודה בשבוע מלא	§ 14 'מורה במשרה מלאה יעבוד 5 ימי עבודה בשבוע'	PARTIAL	ימי העבודה בשבוע — סעיף 14
השנים שניתן לעכב מורה העומד בתנאים לדרגה	§ 38(i) 'לא יימנע קידומו לדרגות 7 - 9 ליותר ממספר השנים כמפורט'	NONE	מספר השנים המרבי שקידום לדרגה 7 יימנע
שנות השהייה שתורמת שנה של	§ 38(c) closing: 'תיחשב שנת השבתון כחצי שנה לעניין פרק זמן השהייה'	NONE	שנות התוקף של אישור שעות ההשלמה
שנות השהייה הנדרשות ליציאה מדרגה	§ 38(b) 'פרקי זמן השהייה הנדרשים'; 'שתי (2) שנות שהיה בדרגה 1'	NONE	שנות שהייה לקידום מדרגה 1 לדרגה 2
תוספת אופק 2022 עבור	2022 § 5	PARTIAL	תוספת אופק 2022
תוספת אופק 2022 מספטמבר 2022 לפי	2022 § 5.1, appendices bet-1/bet-2	PARTIAL	תוספת אופק 2022 לפי נספח
תוספת אופק 2022 מספטמבר 2023 לפי	2022 § 5.2, appendices gimel-1/gimel-2	PARTIAL	תוספת אופק 2022 לפי נספח
יחידות גמול התפקיד הבית ספרי	2022 § 22.2 'יחידות גמול'	NONE	בסיס גמול התפקיד
חופשה ללא תשלום מכל סוג	§ 38(d)(1) 'חופשה ללא תשלום (לסוגיה השונים)'	PARTIAL	חודשי חופשה ללא תשלום
מורה בלתי מוסמך	§ 7(h) 'מורה בלתי מוסמך'	EXACT	מורה בלתי מוסמך
שנות ההמתנה לאחר העמידה בתנאים	§ 38(i) 'אשר מילא את התנאים לקידום'	NONE	שנות ההמתנה בשנה הרביעית
שנות שהייה בדרגה הנוכחית	§ 38(b) 'שנות שהיה בדרגה'	PARTIAL	התקופות בדרגה הנוכחית
